City_ID,City,Lat,Lng,Max Temp,Humidity,Cloudiness,Wind Speed,Country,Date
0,Sioux Lookout,50.1001,-91.917,76.66,51,37,7.78,CA,2021-09-29 22:07:39
1,Faanui,-16.4833,-151.75,79.29,70,16,18.92,PF,2021-09-29 22:07:39
2,Bluff,-46.6,168.3333,46.8,57,89,21.83,NZ,2021-09-29 22:07:39
3,Tuatapere,-46.1333,167.6833,46.81,69,94,11.77,NZ,2021-09-29 22:07:40
4,Kaitangata,-46.2817,169.8464,47.93,64,98,12.15,NZ,2021-09-29 22:07:40
5,Mahebourg,-20.4081,57.7,71.89,78,40,11.5,MU,2021-09-29 22:07:40
6,Camacha,33.0833,-16.3333,69.22,64,75,16.11,PT,2021-09-29 22:07:41
7,Rikitea,-23.1203,-134.9692,73.35,68,100,17.78,PF,2021-09-29 22:07:42
8,Nokaneng,-19.6667,22.2667,76.44,18,1,3.53,BW,2021-09-29 22:07:42
9,Vaini,-21.2,-175.2,78.96,83,75,11.5,TO,2021-09-29 22:07:43
10,Bonavista,48.6499,-53.1147,56.12,94,100,16.35,CA,2021-09-29 22:07:43
11,Shahr-E Babak,30.1165,55.1186,69.75,15,0,4.05,IR,2021-09-29 22:07:43
12,Saint George,37.1041,-113.5841,79.63,27,1,5.01,US,2021-09-29 22:03:45
13,Hualmay,-11.0964,-77.6139,65.3,78,66,6.35,PE,2021-09-29 22:07:44
14,Cape Town,-33.9258,18.4232,60.28,58,70,9.91,ZA,2021-09-29 22:07:39
15,Okhotsk,59.3833,143.3,35.47,94,100,30.0,RU,2021-09-29 22:07:44
16,Jalu,29.0331,21.5482,76.08,66,0,10.51,LY,2021-09-29 22:07:45
17,Port Alfred,-33.5906,26.891,60.12,73,100,19.26,ZA,2021-09-29 22:07:45
18,Busselton,-33.65,115.3333,58.08,86,4,6.85,AU,2021-09-29 22:07:45
19,Trier,49.7557,6.6394,49.24,88,4,4.99,DE,2021-09-29 22:07:46
20,Mar Del Plata,-38.0023,-57.5575,58.08,43,0,11.01,AR,2021-09-29 22:03:35
21,Wagar,16.1525,36.2032,90.7,28,56,7.0,SD,2021-09-29 22:07:47
22,Challans,46.8436,-1.8749,52.0,69,37,7.72,FR,2021-09-29 22:07:47
23,Muros,42.7762,-9.0603,62.24,87,95,9.01,ES,2021-09-29 22:07:47
24,Alice Springs,-23.7,133.8833,63.95,29,1,5.75,AU,2021-09-29 22:07:48
25,Milkovo,54.7167,158.6167,41.04,58,80,4.92,RU,2021-09-29 22:07:48
26,Mataura,-46.1927,168.8643,46.47,92,99,7.47,NZ,2021-09-29 22:07:49
27,College,64.8569,-147.8028,31.66,74,90,4.61,US,2021-09-29 22:07:49
28,Umtata,-31.5889,28.7844,54.63,96,100,3.22,ZA,2021-09-29 22:07:50
29,Kapaa,22.0752,-159.319,84.18,66,20,5.01,US,2021-09-29 22:07:50
30,San Patricio,28.017,-97.5169,86.72,59,13,12.86,US,2021-09-29 22:07:50
31,Nandyal,15.4833,78.4833,75.09,88,34,4.21,IN,2021-09-29 22:07:50
32,Albany,42.6001,-73.9662,60.62,72,95,4.74,US,2021-09-29 22:05:22
33,Jamestown,42.097,-79.2353,62.24,55,1,4.61,US,2021-09-29 22:07:51
34,Nemuro,43.3236,145.575,60.17,82,100,20.58,JP,2021-09-29 22:07:51
35,Hithadhoo,-0.6,73.0833,81.0,75,82,3.62,MV,2021-09-29 22:07:52
36,Nome,64.5011,-165.4064,37.47,75,75,13.8,US,2021-09-29 22:07:52
37,Richards Bay,-28.783,32.0377,65.07,87,100,2.86,ZA,2021-09-29 22:07:52
38,Yar-Sale,66.8333,70.8333,38.14,92,100,12.71,RU,2021-09-29 22:07:53
39,Upernavik,72.7868,-56.1549,30.79,62,87,1.01,GL,2021-09-29 22:07:53
40,Bredasdorp,-34.5322,20.0403,56.28,80,100,18.97,ZA,2021-09-29 22:07:53
41,Lata,40.1629,-8.3327,60.82,90,86,2.08,PT,2021-09-29 22:07:54
42,San Cristobal,7.7669,-72.225,71.78,93,86,2.89,VE,2021-09-29 22:07:54
43,Mahibadhoo,3.7833,72.9667,82.11,70,94,11.05,MV,2021-09-29 22:07:55
44,Chokurdakh,70.6333,147.9167,21.7,93,100,5.61,RU,2021-09-29 22:07:55
45,Porbandar,21.6422,69.6093,79.9,91,100,22.17,IN,2021-09-29 22:07:55
46,Omsukchan,62.5333,155.8,21.56,64,9,3.85,RU,2021-09-29 22:07:56
47,Nikolskoye,59.7035,30.7861,45.01,89,55,3.6,RU,2021-09-29 22:07:56
48,Touros,-5.1989,-35.4608,78.06,82,10,16.06,BR,2021-09-29 22:05:04
49,Kahului,20.8947,-156.47,89.62,67,40,25.32,US,2021-09-29 22:07:56
50,Souillac,-20.5167,57.5167,71.98,78,40,11.5,MU,2021-09-29 22:07:57
51,Atuona,-9.8,-139.0333,78.08,75,46,19.69,PF,2021-09-29 22:07:57
52,Khatanga,71.9667,102.5,30.87,96,100,12.8,RU,2021-09-29 22:07:57
53,Pisco,-13.7,-76.2167,63.01,88,90,6.91,PE,2021-09-29 22:07:58
54,Khandyga,62.6667,135.6,34.83,54,100,4.56,RU,2021-09-29 22:07:58
55,Mount Gambier,-37.8333,140.7667,53.51,94,90,17.27,AU,2021-09-29 22:07:58
56,Rincon,32.296,-81.2354,87.98,61,20,5.75,US,2021-09-29 22:07:59
57,Aboisso,5.4678,-3.2071,75.06,94,95,3.22,CI,2021-09-29 22:07:59
58,Hermanus,-34.4187,19.2345,56.8,78,95,22.5,ZA,2021-09-29 22:08:00
59,Tevriz,57.509,72.4042,33.21,95,99,4.36,RU,2021-09-29 22:08:00
60,Ushuaia,-54.8,-68.3,40.66,81,75,21.85,AR,2021-09-29 22:08:00
61,Saldanha,-33.0117,17.9442,57.78,76,82,15.57,ZA,2021-09-29 22:08:01
62,Diego De Almagro,-26.3667,-70.05,72.46,24,0,7.63,CL,2021-09-29 22:08:01
63,Castro,-24.7911,-50.0119,66.6,80,21,6.58,BR,2021-09-29 22:08:02
64,Uige,-7.6087,15.0613,69.37,87,100,2.86,AO,2021-09-29 22:08:02
65,Puerto Ayora,-0.7393,-90.3518,80.56,86,86,10.51,EC,2021-09-29 22:08:03
66,Baykit,61.67,96.37,32.5,93,41,0.51,RU,2021-09-29 22:08:03
67,Marshalltown,42.0494,-92.908,88.09,39,1,10.36,US,2021-09-29 22:08:03
68,Roebourne,-20.7833,117.1333,72.27,27,5,6.42,AU,2021-09-29 22:08:04
69,Tasiilaq,65.6145,-37.6368,37.56,67,10,7.49,GL,2021-09-29 22:08:04
70,Manokwari,-0.8667,134.0833,80.6,74,83,1.16,ID,2021-09-29 22:08:05
71,Vila Franca Do Campo,37.7167,-25.4333,72.01,89,10,2.64,PT,2021-09-29 22:08:05
72,Kruisfontein,-34.0033,24.7314,54.88,80,100,11.36,ZA,2021-09-29 22:08:05
73,Miranda,3.2499,-76.2281,78.93,87,94,1.9,CO,2021-09-29 22:08:06
74,Port Elizabeth,-33.918,25.5701,57.09,70,100,16.93,ZA,2021-09-29 22:08:06
75,Victoria,22.2855,114.1577,85.32,88,3,5.01,HK,2021-09-29 22:04:05
76,Carlow,52.8408,-6.9261,54.68,84,100,11.88,IE,2021-09-29 22:08:06
77,Bambous Virieux,-20.3428,57.7575,71.85,78,40,11.5,MU,2021-09-29 22:08:07
78,Sao Filipe,14.8961,-24.4956,79.27,81,76,4.25,CV,2021-09-29 22:08:07
79,Along,28.1667,94.7667,70.41,98,42,1.66,IN,2021-09-29 22:08:07
80,Constitucion,-35.3333,-72.4167,54.03,64,1,5.86,CL,2021-09-29 22:08:08
81,Khromtau,50.2503,58.4347,36.68,80,99,10.13,KZ,2021-09-29 22:08:08
82,Cidreira,-30.1811,-50.2056,63.93,85,61,15.3,BR,2021-09-29 22:08:08
83,Ardakan,32.31,54.0175,77.38,18,0,6.91,IR,2021-09-29 22:08:09
84,Sola,-13.8833,167.55,79.61,80,83,22.15,VU,2021-09-29 22:08:09
85,Maniitsoq,65.4167,-52.9,34.09,63,100,3.69,GL,2021-09-29 22:08:10
86,Hobart,-42.8794,147.3294,53.26,78,75,5.75,AU,2021-09-29 22:08:10
87,Kodiak,57.79,-152.4072,51.31,35,1,14.97,US,2021-09-29 22:08:10
88,Punta Arenas,-53.15,-70.9167,50.11,46,100,25.01,CL,2021-09-29 22:03:21
89,Gunjur,13.2019,-16.7339,80.67,89,0,4.61,GM,2021-09-29 22:08:11
90,Gazanjyk,39.2446,55.5154,64.15,47,0,11.99,TM,2021-09-29 22:08:11
91,Torbay,47.6666,-52.7314,60.49,94,47,1.99,CA,2021-09-29 22:05:38
92,Fortuna,40.5982,-124.1573,75.42,48,20,5.01,US,2021-09-29 22:08:11
93,Ribeira Grande,38.5167,-28.7,72.43,86,7,9.51,PT,2021-09-29 22:08:12
94,Tazovskiy,67.4667,78.7,33.89,98,100,17.6,RU,2021-09-29 22:08:12
95,Port Macquarie,-31.4333,152.9167,66.88,81,100,10.74,AU,2021-09-29 22:08:12
96,Warmbad,-28.45,18.7333,61.3,45,70,8.41,NA,2021-09-29 22:08:13
97,Mackay,-21.15,149.2,75.69,69,56,10.87,AU,2021-09-29 22:08:13
98,Port Keats,-14.25,129.55,80.98,76,73,4.61,AU,2021-09-29 22:08:14
99,Lazaro Cardenas,17.9583,-102.2,83.3,72,100,5.17,MX,2021-09-29 22:08:14
100,Hervey Bay,-25.2986,152.8535,74.03,79,99,12.5,AU,2021-09-29 22:08:15
101,Sandwick,60.0,-1.25,46.22,81,75,3.44,GB,2021-09-29 22:08:15
102,Yellowknife,62.456,-114.3525,50.56,99,100,3.0,CA,2021-09-29 22:08:15
103,Vanimo,-2.6741,141.3028,79.75,85,31,4.68,PG,2021-09-29 22:08:16
104,Jinji,23.2281,110.8261,78.17,82,0,2.39,CN,2021-09-29 22:08:16
105,Vestmannaeyjar,63.4427,-20.2734,45.97,65,76,19.1,IS,2021-09-29 22:08:16
106,Cabedelo,-6.9811,-34.8339,77.67,82,35,13.76,BR,2021-09-29 22:08:17
107,Khovu-Aksy,51.1333,93.6,34.0,59,94,3.69,RU,2021-09-29 22:08:17
108,Sao Joao Da Barra,-21.6403,-41.0511,73.6,85,53,11.3,BR,2021-09-29 22:08:17
109,Saint-Philippe,-21.3585,55.7679,71.15,81,45,14.65,RE,2021-09-29 22:08:18
110,Kargasok,59.0556,80.8572,37.6,78,100,6.08,RU,2021-09-29 22:08:18
111,Lebu,-37.6167,-73.65,50.76,90,100,9.48,CL,2021-09-29 22:08:18
112,Esmeraldas,-19.7625,-44.3139,79.66,39,19,4.12,BR,2021-09-29 22:08:06
113,Itarema,-2.9248,-39.9167,79.29,84,3,13.51,BR,2021-09-29 22:08:19
114,Peniche,39.3558,-9.3811,67.62,89,43,17.22,PT,2021-09-29 22:08:19
115,Caiaponia,-16.9567,-51.8103,81.77,37,93,5.75,BR,2021-09-29 22:08:19
116,Nhulunbuy,-12.2333,136.7667,81.21,74,75,8.05,AU,2021-09-29 22:08:20
117,Saint-Pierre,-21.3393,55.4781,71.24,73,0,3.44,RE,2021-09-29 22:08:20
118,Norman Wells,65.282,-126.8329,35.73,67,23,0.4,CA,2021-09-29 22:08:20
119,Avarua,-21.2078,-159.775,80.65,74,58,11.5,CK,2021-09-29 22:08:21
120,Margate,51.3813,1.3862,52.7,74,11,1.99,GB,2021-09-29 22:04:10
121,Golden,39.7555,-105.2211,65.57,83,75,6.91,US,2021-09-29 22:06:56
122,New Norfolk,-42.7826,147.0587,52.92,67,100,1.99,AU,2021-09-29 22:08:21
123,Cap Malheureux,-19.9842,57.6142,72.09,73,62,4.0,MU,2021-09-29 22:08:22
124,Lagunas,-5.2269,-75.6753,87.57,57,78,5.64,PE,2021-09-29 22:08:22
125,Broome,42.2506,-75.833,61.47,64,90,1.01,US,2021-09-29 22:08:22
126,Ashland,40.8167,-82.2665,72.75,49,0,6.35,US,2021-09-29 22:06:57
127,East London,-33.0153,27.9116,59.58,88,100,14.97,ZA,2021-09-29 22:08:23
128,Tarko-Sale,64.9225,77.785,31.35,88,21,7.34,RU,2021-09-29 22:08:23
129,Ravar,31.2656,56.8055,75.38,9,0,3.65,IR,2021-09-29 22:08:23
130,Putina,-15.4667,-69.4333,52.25,51,0,19.62,PE,2021-09-29 22:08:24
131,Cedar City,37.6775,-113.0619,59.4,36,1,8.05,US,2021-09-29 22:04:08
132,Bethel,41.3712,-73.414,64.71,65,1,8.05,US,2021-09-29 22:08:24
133,Batticaloa,7.7102,81.6924,79.81,76,100,4.52,LK,2021-09-29 22:08:25
134,Yabrud,33.9674,36.6574,56.86,59,0,3.98,SY,2021-09-29 22:08:25
135,Christchurch,-43.5333,172.6333,48.9,72,75,3.0,NZ,2021-09-29 22:08:09
136,Guerrero Negro,27.9769,-114.0611,73.22,58,0,18.19,MX,2021-09-29 22:08:26
137,Maceio,-9.6658,-35.7353,78.24,94,90,6.91,BR,2021-09-29 22:04:36
138,Naifaru,5.4444,73.3657,81.28,78,76,11.95,MV,2021-09-29 22:08:26
139,Xinqing,48.2333,129.5,37.18,88,0,4.12,CN,2021-09-29 22:08:26
140,Koster,-25.863,26.8976,60.01,75,96,16.89,ZA,2021-09-29 22:08:27
141,Verkhnevilyuysk,63.4453,120.3167,24.01,96,14,3.83,RU,2021-09-29 22:08:27
142,Tuktoyaktuk,69.4541,-133.0374,32.83,91,100,27.4,CA,2021-09-29 22:08:27
143,Mogadishu,2.0371,45.3438,78.84,81,8,12.93,SO,2021-09-29 22:08:28
144,Qaanaaq,77.484,-69.3632,16.14,79,1,8.28,GL,2021-09-29 22:08:28
145,Hobbs,32.7026,-103.136,88.39,22,20,7.0,US,2021-09-29 22:07:30
146,Deputatskiy,69.3,139.9,13.19,89,12,3.58,RU,2021-09-29 22:08:28
147,Paamiut,61.994,-49.6678,33.87,51,3,4.41,GL,2021-09-29 22:08:29
148,Warrington,53.3925,-2.5802,50.99,85,20,10.36,GB,2021-09-29 22:08:29
149,Cururupu,-1.8283,-44.8683,75.04,92,28,2.71,BR,2021-09-29 22:08:30
150,Ulladulla,-35.35,150.4667,66.09,88,96,4.23,AU,2021-09-29 22:08:30
151,Klaksvik,62.2266,-6.589,41.92,65,46,2.95,FO,2021-09-29 22:08:30
152,Husavik,66.0449,-17.3389,36.09,72,58,15.08,IS,2021-09-29 22:08:31
153,Tanout,14.9709,8.8879,84.25,50,98,11.48,NE,2021-09-29 22:08:31
154,Ponta Do Sol,32.6667,-17.1,72.23,66,13,9.44,PT,2021-09-29 22:08:32
155,Kulhudhuffushi,6.6221,73.07,81.64,77,28,11.52,MV,2021-09-29 22:08:32
156,Kavieng,-2.5744,150.7967,82.47,80,98,14.45,PG,2021-09-29 22:08:32
157,Kaspiyskiy,45.3929,47.3707,51.3,49,24,9.4,RU,2021-09-29 22:08:33
158,Rudbar,30.15,62.6,77.63,20,0,6.78,AF,2021-09-29 22:08:33
159,Zachary,30.6485,-91.1565,76.68,94,40,3.44,US,2021-09-29 22:08:33
160,Banda Aceh,5.5577,95.3222,77.79,82,99,6.62,ID,2021-09-29 22:08:33
161,Port Lincoln,-34.7333,135.8667,57.07,82,33,13.33,AU,2021-09-29 22:08:34
162,Quatre Cocos,-20.2078,57.7625,71.71,77,71,15.84,MU,2021-09-29 22:08:34
163,Leningradskiy,69.3833,178.4167,27.68,97,100,8.3,RU,2021-09-29 22:08:35
164,Clyde River,70.4692,-68.5914,30.6,87,67,2.75,CA,2021-09-29 22:08:36
165,Dunedin,-45.8742,170.5036,46.8,63,66,4.0,NZ,2021-09-29 22:05:50
166,Wufeng,27.45,104.8333,51.57,76,5,1.34,CN,2021-09-29 22:06:30
167,Bafq,31.6128,55.4107,77.59,11,0,0.45,IR,2021-09-29 22:08:36
168,Barguzin,53.6167,109.6167,29.68,94,41,3.31,RU,2021-09-29 22:08:36
169,Mossendjo,-2.9506,12.7261,72.84,86,99,3.98,CG,2021-09-29 22:08:37
170,Bashtanka,47.4072,32.4387,54.09,49,99,10.49,UA,2021-09-29 22:08:37
171,Barrow,71.2906,-156.7887,30.22,80,90,11.5,US,2021-09-29 22:08:37
172,Antalaha,-14.9003,50.2788,67.32,84,33,5.66,MG,2021-09-29 22:08:38
173,Kasongo-Lunda,-6.4667,16.8167,72.52,87,71,0.69,CD,2021-09-29 22:08:38
174,Anadyr,64.75,177.4833,16.3,92,40,15.01,RU,2021-09-29 22:08:38
175,Itaituba,-4.2761,-55.9836,80.87,70,96,1.92,BR,2021-09-29 22:08:38
176,Butaritari,3.0707,172.7902,81.64,79,98,17.2,KI,2021-09-29 22:08:39
177,Lafia,8.4833,8.5167,73.81,96,100,2.86,NG,2021-09-29 22:08:39
178,Toppenish,46.3774,-120.3087,67.01,46,100,2.13,US,2021-09-29 22:08:40
179,Hilo,19.7297,-155.09,89.28,71,20,9.22,US,2021-09-29 22:08:40
180,Avera,33.194,-82.5271,87.75,44,0,1.97,US,2021-09-29 22:08:41
181,Provideniya,64.3833,-173.3,39.31,70,90,15.66,RU,2021-09-29 22:08:41
182,Bathsheba,13.2167,-59.5167,82.99,71,59,4.36,BB,2021-09-29 22:08:41
183,Douglas,41.3,-96.167,83.43,57,40,1.99,US,2021-09-29 22:08:05
184,Talas,38.6908,35.5538,48.87,71,40,5.75,TR,2021-09-29 22:08:42
185,Calvinia,-31.4707,19.776,54.03,66,52,18.37,ZA,2021-09-29 22:08:42
186,Acari,-15.4311,-74.6158,73.26,57,18,6.87,PE,2021-09-29 22:08:43
187,Benito Juarez,19.385,-99.165,73.22,48,75,4.0,MX,2021-09-29 22:08:44
188,Mafinga,-7.25,35.0667,73.4,47,24,7.25,TZ,2021-09-29 22:08:44
189,Salalah,17.0151,54.0924,82.49,83,20,3.44,OM,2021-09-29 22:08:35
190,Esperance,-33.8667,121.9,53.33,84,26,10.69,AU,2021-09-29 22:08:45
191,Caravelas,-17.7125,-39.2481,73.76,84,0,8.84,BR,2021-09-29 22:08:45
192,Sumbawanga,-7.9667,31.6167,67.53,54,90,3.89,TZ,2021-09-29 22:07:32
193,Puerto Narino,-3.7703,-70.3831,76.95,96,100,2.77,CO,2021-09-29 22:08:45
194,Carauari,-4.8828,-66.8958,77.49,89,100,1.45,BR,2021-09-29 22:08:46
195,Rio Grande,-32.035,-52.0986,62.94,80,12,16.53,BR,2021-09-29 22:08:46
196,Airai,-8.9266,125.4092,60.35,62,45,2.55,TL,2021-09-29 22:08:46
197,Laguna,38.421,-121.4238,87.01,22,1,3.0,US,2021-09-29 22:08:47
198,Carnarvon,-24.8667,113.6333,60.87,94,28,8.05,AU,2021-09-29 22:08:47
199,Verkhoyansk,67.5447,133.385,21.83,81,15,2.64,RU,2021-09-29 22:08:47
200,Yuzhou,34.1628,113.4639,62.87,83,12,4.47,CN,2021-09-29 22:08:02
201,Bayan,46.0833,127.4,42.22,69,2,4.12,CN,2021-09-29 22:08:48
202,Ilulissat,69.2167,-51.1,26.62,43,100,5.75,GL,2021-09-29 22:08:49
203,Pringsewu,-5.3582,104.9744,73.89,97,100,3.62,ID,2021-09-29 22:08:49
204,Dikson,73.5069,80.5464,33.39,99,100,16.96,RU,2021-09-29 22:08:49
205,Noyabrsk,63.1994,75.4507,30.92,81,58,6.04,RU,2021-09-29 22:08:50
206,Saskylakh,71.9167,114.0833,22.84,89,97,3.62,RU,2021-09-29 22:08:50
207,Noumea,-22.2763,166.4572,78.78,99,60,14.5,NC,2021-09-29 22:08:50
208,Yumen,40.2833,97.2,57.99,23,100,8.48,CN,2021-09-29 22:08:51
209,Ogbomosho,8.133,4.25,73.2,94,100,3.94,NG,2021-09-29 22:08:51
210,Los Llanos De Aridane,28.6585,-17.9182,71.13,62,75,21.85,ES,2021-09-29 22:08:51
211,Stokmarknes,68.5646,14.9108,48.51,80,47,4.36,NO,2021-09-29 22:08:52
212,Porto Novo,6.4965,2.6036,77.05,88,63,4.59,BJ,2021-09-29 22:08:52
213,Toropets,56.4978,31.6353,38.01,88,94,3.71,RU,2021-09-29 22:08:52
214,Bauta,22.9828,-82.5464,78.69,78,75,4.61,CU,2021-09-29 22:08:53
215,Sorland,67.667,12.6934,52.84,81,100,8.01,NO,2021-09-29 22:08:53
216,Tessalit,20.1986,1.0114,90.01,17,34,10.13,ML,2021-09-29 22:08:53
217,Pevek,69.7008,170.3133,27.86,82,100,21.79,RU,2021-09-29 22:08:54
218,Karratha,-20.7377,116.8463,72.37,29,9,7.31,AU,2021-09-29 22:08:54
219,Solnechnyy,50.7214,136.6319,51.62,95,100,0.89,RU,2021-09-29 22:08:54
220,San Luis,-33.295,-66.3356,73.99,40,27,11.88,AR,2021-09-29 22:08:55
221,Shaunavon,49.6501,-108.4181,63.93,22,97,11.3,CA,2021-09-29 22:08:55
222,Hukuntsi,-24.0,21.75,69.4,24,22,10.02,BW,2021-09-29 22:08:56
223,Marawi,7.9986,124.2928,67.64,89,100,2.95,PH,2021-09-29 22:08:56
224,Granada,37.25,-3.25,63.3,49,9,4.36,ES,2021-09-29 22:08:56
225,Swan Hill,-35.3378,143.5544,55.45,96,100,9.04,AU,2021-09-29 22:07:27
226,Arraial Do Cabo,-22.9661,-42.0278,70.54,91,14,10.94,BR,2021-09-29 22:08:57
227,Swellendam,-34.0226,20.4417,55.56,85,100,15.05,ZA,2021-09-29 22:08:57
228,Hasaki,35.7333,140.8333,66.6,79,100,7.43,JP,2021-09-29 22:08:57
229,Havoysund,70.9963,24.6622,38.28,84,6,5.53,NO,2021-09-29 22:08:57
230,Inuvik,68.3499,-133.7218,29.82,84,82,8.52,CA,2021-09-29 22:08:58
231,Chuy,-33.6971,-53.4616,56.37,84,38,11.25,UY,2021-09-29 22:08:58
232,Point Pedro,9.8167,80.2333,80.47,82,98,8.48,LK,2021-09-29 22:08:59
233,Ewa Beach,21.3156,-158.0072,85.95,59,90,8.99,US,2021-09-29 22:04:50
234,Sinjai,-5.1241,120.253,78.78,84,92,1.45,ID,2021-09-29 22:08:59
235,Teya,60.3778,92.6267,34.29,76,88,0.89,RU,2021-09-29 22:09:00
236,Maralal,1.0968,36.698,63.61,59,91,7.4,KE,2021-09-29 22:09:00
237,Kapit,2.0167,112.9333,73.81,99,100,0.18,MY,2021-09-29 22:09:00
238,Tura,25.5198,90.2201,72.27,83,96,2.28,IN,2021-09-29 22:09:02
239,Worthington,40.0931,-83.018,77.61,42,1,1.01,US,2021-09-29 22:07:00
240,Karatuzskoye,53.6072,92.8667,40.55,67,100,3.94,RU,2021-09-29 22:09:02
241,Coffs Harbour,-30.3,153.1333,66.13,69,100,12.66,AU,2021-09-29 22:05:38
242,Georgetown,5.4112,100.3354,76.95,92,20,2.3,MY,2021-09-29 22:07:58
243,Kabakovo,54.5369,56.1517,39.49,65,0,6.71,RU,2021-09-29 22:09:03
244,Damaturu,11.747,11.9608,79.68,71,82,5.39,NG,2021-09-29 22:09:03
245,Sihor,21.7,71.9667,76.8,91,100,12.3,IN,2021-09-29 22:09:04
246,Kaeo,-35.1,173.7833,63.32,63,47,9.08,NZ,2021-09-29 22:09:04
247,Cabo Rojo,18.0866,-67.1457,83.98,81,45,3.44,PR,2021-09-29 22:06:13
248,Ikom,5.9667,8.7063,72.95,98,99,1.7,NG,2021-09-29 22:09:05
249,Rocha,-34.4833,-54.3333,54.23,82,0,11.39,UY,2021-09-29 22:09:05
250,Grand Gaube,-20.0064,57.6608,72.0,73,65,5.01,MU,2021-09-29 22:09:06
251,Byron Bay,-28.65,153.6167,64.35,86,100,14.16,AU,2021-09-29 22:04:29
252,Abu Samrah,35.3029,37.1841,68.32,74,0,6.02,SY,2021-09-29 22:09:06
253,Boa Vista,2.8197,-60.6733,89.58,45,40,5.75,BR,2021-09-29 22:06:32
254,Tongling,30.95,117.7833,66.31,97,2,4.09,CN,2021-09-29 22:09:07
255,Turukhansk,65.8167,87.9833,31.82,85,14,3.38,RU,2021-09-29 22:09:07
256,Bairiki,1.3292,172.9752,86.0,62,75,14.97,KI,2021-09-29 22:09:07
257,Matara,5.9485,80.5353,77.63,89,99,8.23,LK,2021-09-29 22:09:07
258,Severo-Kurilsk,50.6789,156.125,52.83,89,56,2.77,RU,2021-09-29 22:09:08
259,Kupang,-10.1667,123.5833,75.78,88,20,6.91,ID,2021-09-29 22:09:08
260,Nabire,-3.3667,135.4833,77.9,88,90,2.1,ID,2021-09-29 22:09:08
261,Maldonado,-34.6667,-54.9167,59.23,81,0,13.15,UY,2021-09-29 22:09:09
262,Kloulklubed,7.0419,134.2556,79.3,75,94,7.83,PW,2021-09-29 22:09:09
263,Polis,35.0367,32.4264,69.62,71,0,2.24,CY,2021-09-29 22:09:09
264,Lubango,-14.9172,13.4925,64.49,54,31,2.75,AO,2021-09-29 22:09:10
265,Ugoofaaru,5.6667,73.0,81.39,77,55,11.61,MV,2021-09-29 22:09:10
266,Rio Bueno,-40.3167,-72.9667,46.8,92,100,5.82,CL,2021-09-29 22:09:10
267,Hargeysa,9.56,44.065,75.09,53,98,15.59,SO,2021-09-29 22:09:11
268,Lewistown,40.5992,-77.5714,70.54,44,1,0.0,US,2021-09-29 22:09:11
269,Dakar,14.6937,-17.4441,79.68,77,16,11.92,SN,2021-09-29 22:06:56
270,Thompson,55.7435,-97.8558,70.68,59,100,9.1,CA,2021-09-29 22:09:11
271,Sundumbili,-29.1337,31.3975,63.12,93,100,2.08,ZA,2021-09-29 22:09:12
272,Hamilton,39.1834,-84.5333,82.99,50,1,1.01,US,2021-09-29 22:09:12
273,Hambantota,6.1241,81.1185,79.14,89,40,5.75,LK,2021-09-29 22:06:12
274,Marfino,55.7028,37.3822,43.09,75,90,6.71,RU,2021-09-29 22:09:13
275,San Juan,-31.5375,-68.5364,74.73,11,29,10.42,AR,2021-09-29 22:07:06
276,Kavaratti,10.5669,72.642,81.27,78,21,14.76,IN,2021-09-29 22:09:13
277,Les Escoumins,48.1111,-69.0236,43.5,92,100,3.18,CA,2021-09-29 22:09:14
278,Jumla,29.2747,82.1838,55.72,93,12,2.21,NP,2021-09-29 22:09:14
279,Gold Coast,-28.0,153.4333,67.37,92,75,1.99,AU,2021-09-29 22:09:14
280,Buala,-8.145,159.5921,82.85,79,87,9.95,SB,2021-09-29 22:09:15
281,Bom Jardim,-7.7958,-35.5872,71.13,90,72,9.22,BR,2021-09-29 22:09:15
282,Marsabit,2.3284,37.9899,68.18,66,69,24.83,KE,2021-09-29 22:09:15
283,Yulara,-25.2406,130.9889,58.84,33,1,6.91,AU,2021-09-29 22:09:16
284,Krasnovishersk,60.4078,57.082,37.49,92,100,2.64,RU,2021-09-29 22:09:16
285,Iracoubo,5.4802,-53.2011,80.94,78,51,8.9,GF,2021-09-29 22:09:17
286,Dolgoderevenskoye,55.3444,61.3444,37.74,65,20,8.95,RU,2021-09-29 22:09:17
287,Cherskiy,68.75,161.3,25.84,93,90,13.2,RU,2021-09-29 22:09:17
288,Grindavik,63.8424,-22.4338,39.67,87,75,16.11,IS,2021-09-29 22:09:17
289,Zabid,14.1951,43.3152,87.78,62,93,9.42,YE,2021-09-29 22:09:18
290,Finote Selam,10.7,37.2667,54.34,93,87,2.89,ET,2021-09-29 22:09:18
291,Portland,45.5234,-122.6762,69.39,59,90,1.01,US,2021-09-29 22:05:08
292,Coquimbo,-29.9533,-71.3436,58.73,77,0,10.36,CL,2021-09-29 22:09:19
293,Kushiro,42.975,144.3747,61.75,100,75,16.11,JP,2021-09-29 22:09:19
294,Te Anau,-45.4167,167.7167,44.31,70,74,1.81,NZ,2021-09-29 22:09:19
295,Hirara,24.8,125.2833,77.27,94,20,3.44,JP,2021-09-29 22:09:20
296,Hammerfest,70.6634,23.6821,37.85,100,90,2.3,NO,2021-09-29 22:09:20
297,Borovoy,55.4333,86.0833,43.88,100,90,8.95,RU,2021-09-29 22:09:20
298,Pashiya,58.4324,58.2562,28.67,95,6,2.89,RU,2021-09-29 22:09:21
299,Ramanuj Ganj,23.8,83.7,71.22,99,54,2.62,IN,2021-09-29 22:09:21
300,Comodoro Rivadavia,-45.8667,-67.5,62.46,20,0,8.05,AR,2021-09-29 22:09:21
301,Snihurivka,47.0758,32.8052,53.73,53,89,10.29,UA,2021-09-29 22:09:22
302,Khorixas,-20.3667,14.9667,62.46,36,2,1.81,NA,2021-09-29 22:09:22
303,Nouadhibou,20.931,-17.0347,73.29,77,0,25.95,MR,2021-09-29 22:09:23
304,Aquiraz,-3.9014,-38.3911,80.69,84,3,11.14,BR,2021-09-29 22:09:23
305,Synya,65.3718,58.0387,39.43,93,100,5.01,RU,2021-09-29 22:09:24
306,Chimore,-16.9833,-65.1333,89.64,41,18,0.83,BO,2021-09-29 22:09:24
307,Bandarbeyla,9.4942,50.8122,80.28,74,99,20.92,SO,2021-09-29 22:09:24
308,Luderitz,-26.6481,15.1594,56.14,84,71,15.99,NA,2021-09-29 22:09:25
309,Soe,-9.8607,124.284,65.12,84,61,4.14,ID,2021-09-29 22:07:17
310,Vangaindrano,-23.35,47.6,67.3,91,13,7.47,MG,2021-09-29 22:09:25
311,Giyon,8.5333,37.9833,56.16,91,98,1.88,ET,2021-09-29 22:09:25
312,Bollnas,61.3482,16.3946,48.13,98,95,7.56,SE,2021-09-29 22:09:26
313,Coahuayana,18.7333,-103.6833,85.71,68,97,5.44,MX,2021-09-29 22:09:26
314,Lorengau,-2.0226,147.2712,82.13,79,78,4.07,PG,2021-09-29 22:09:26
315,Nyurba,63.2842,118.3319,24.22,95,20,3.38,RU,2021-09-29 22:09:27
316,Poum,-20.2333,164.0167,74.64,74,9,19.42,NC,2021-09-29 22:09:27
317,San Pedro,14.35,121.0167,82.15,89,88,2.53,PH,2021-09-29 22:09:27
318,Sorong,-0.8833,131.25,78.76,86,100,4.76,ID,2021-09-29 22:05:20
319,Luanda,-8.8368,13.2343,73.4,88,40,8.05,AO,2021-09-29 22:09:28
320,Ahipara,-35.1667,173.1667,58.98,69,73,12.8,NZ,2021-09-29 22:09:28
321,Novoagansk,61.9449,76.6625,31.39,88,31,6.24,RU,2021-09-29 22:09:28
322,Jennings,38.7192,-90.2604,88.18,51,75,1.01,US,2021-09-29 22:09:29
323,Mattru,7.6244,-11.8332,73.17,96,100,2.51,SL,2021-09-29 22:09:29
324,Purranque,-40.9167,-73.1667,46.06,97,100,4.59,CL,2021-09-29 22:08:19
325,Talawakele,6.9371,80.6581,62.35,87,95,1.63,LK,2021-09-29 22:09:30
326,Necochea,-38.5473,-58.7368,62.04,72,0,14.27,AR,2021-09-29 22:09:30
327,Miandrivazo,-19.5167,45.4667,79.79,57,84,3.06,MG,2021-09-29 22:09:30
328,Narsaq,60.9167,-46.05,35.82,47,16,4.16,GL,2021-09-29 22:09:31
329,Kuldiga,56.974,21.9572,49.69,66,100,9.8,LV,2021-09-29 22:09:31
330,Amahai,-3.3333,128.9167,78.22,86,98,2.66,ID,2021-09-29 22:08:08
331,Vila Do Maio,15.1333,-23.2167,79.59,77,98,2.1,CV,2021-09-29 22:09:31
332,Kismayo,-0.3582,42.5454,76.95,89,94,12.24,SO,2021-09-29 22:09:32
333,Tiksi,71.6872,128.8694,30.94,82,100,3.71,RU,2021-09-29 22:09:32
334,Carutapera,-1.195,-46.02,77.67,84,21,6.67,BR,2021-09-29 22:09:32
335,Rovnoye,50.7765,46.0509,45.19,57,48,6.22,RU,2021-09-29 22:09:33
336,Romans-Sur-Isere,45.0464,5.0562,61.84,88,3,8.19,FR,2021-09-29 22:09:33
337,Severnoye,56.3491,78.3619,37.38,88,97,7.78,RU,2021-09-29 22:09:33
338,Pangnirtung,66.1451,-65.7125,34.61,54,63,1.41,CA,2021-09-29 22:09:34
339,Nago,26.5881,127.9761,81.03,74,91,12.28,JP,2021-09-29 22:09:34
340,Vila,42.0304,-8.1588,54.34,86,78,4.18,PT,2021-09-29 22:09:35
341,Iqaluit,63.7506,-68.5145,36.7,74,100,8.99,CA,2021-09-29 22:09:35
342,Qandala,11.472,49.8728,89.44,50,32,3.27,SO,2021-09-29 22:09:35
343,Sept-Iles,50.2001,-66.3821,53.06,81,88,3.47,CA,2021-09-29 22:07:42
344,Pontian Kecil,1.4801,103.3899,80.28,86,100,4.92,MY,2021-09-29 22:09:36
345,North Bend,43.4065,-124.2243,71.24,77,20,11.5,US,2021-09-29 22:09:36
346,Huarmey,-10.0681,-78.1522,66.67,77,59,7.99,PE,2021-09-29 22:09:36
347,Bratsk,56.1325,101.6142,30.69,92,99,3.56,RU,2021-09-29 22:09:37
348,Lara,-38.0167,144.4,59.4,96,90,4.61,AU,2021-09-29 22:09:37
349,Flinders,-34.5833,150.8552,66.25,79,81,3.0,AU,2021-09-29 22:09:37
350,Gualeguay,-33.1416,-59.3097,63.68,75,6,8.77,AR,2021-09-29 22:09:38
351,Emerald,-23.5333,148.1667,68.34,79,25,14.25,AU,2021-09-29 22:09:38
352,Panyutyne,48.9333,36.2833,42.48,61,4,7.47,UA,2021-09-29 22:09:38
353,Shitanjing,39.2342,106.3439,61.29,28,20,5.46,CN,2021-09-29 22:09:39
354,Omboue,-1.5746,9.2618,76.77,86,100,8.75,GA,2021-09-29 22:09:39
355,Aripuana,-9.1667,-60.6333,83.62,61,78,5.1,BR,2021-09-29 22:09:40
356,Martil,35.6166,-5.2752,71.67,76,0,7.7,MA,2021-09-29 22:09:40
357,Meulaboh,4.1363,96.1285,75.15,93,100,6.6,ID,2021-09-29 22:07:17
358,Ust-Kulom,61.6864,53.6902,41.16,86,100,5.08,RU,2021-09-29 22:09:40
359,Longyearbyen,78.2186,15.6401,35.44,80,75,3.44,SJ,2021-09-29 22:09:41
360,Yarmouth,41.7057,-70.2286,62.82,74,40,15.01,US,2021-09-29 22:09:41
361,Haines Junction,60.7522,-137.5108,37.9,64,99,2.64,CA,2021-09-29 22:09:41
362,Sambava,-14.2667,50.1667,67.93,87,64,8.86,MG,2021-09-29 22:09:42
363,Parakai,-36.65,174.4333,64.09,79,63,14.07,NZ,2021-09-29 22:09:42
364,Arica,-18.475,-70.3042,67.55,77,0,9.22,CL,2021-09-29 22:09:42
365,Chern,53.4523,36.9145,40.44,83,82,4.14,RU,2021-09-29 22:09:43
366,Cabras,39.93,8.5314,69.08,63,98,11.43,IT,2021-09-29 22:09:43
367,Kabinda,-6.1333,24.4833,70.2,86,99,2.15,CD,2021-09-29 22:09:43
368,Muhlacker,48.95,8.8333,52.03,84,12,5.82,DE,2021-09-29 22:09:44
369,Nadym,65.5333,72.5167,32.77,87,91,11.63,RU,2021-09-29 22:09:44
370,Vardo,70.3705,31.1107,39.4,85,20,8.75,NO,2021-09-29 22:09:44
371,Mtwango,-9.0167,34.8,58.57,72,7,11.1,TZ,2021-09-29 22:09:45
372,Naze,28.3667,129.4833,76.12,78,40,15.7,JP,2021-09-29 22:09:45
373,Bay Roberts,47.5999,-53.2648,61.25,92,73,3.42,CA,2021-09-29 22:09:45
374,Katsuura,35.1333,140.3,72.19,74,100,7.2,JP,2021-09-29 22:09:14
375,Kiruna,67.8557,20.2251,41.92,81,75,10.36,SE,2021-09-29 22:09:46
376,Spirit River,55.7833,-118.8361,56.1,42,100,9.19,CA,2021-09-29 22:09:46
377,Altamira,-3.2033,-52.2064,77.4,77,100,1.88,BR,2021-09-29 22:09:47
378,Geraldton,-28.7667,114.6,57.61,94,90,9.22,AU,2021-09-29 22:09:47
379,Tarancon,40.0085,-3.0073,63.66,46,47,6.2,ES,2021-09-29 22:09:48
380,Novoanninskiy,50.5287,42.6747,40.21,68,11,5.59,RU,2021-09-29 22:09:48
381,Kurumkan,54.3,110.3,30.88,83,30,1.61,RU,2021-09-29 22:09:49
382,Kumo,10.0447,11.2122,73.22,88,100,2.04,NG,2021-09-29 22:09:49
383,Mehamn,71.0357,27.8492,45.39,89,32,4.0,NO,2021-09-29 22:09:49
384,Campbellton,48.0075,-66.6727,50.74,88,51,4.34,CA,2021-09-29 22:05:04
385,Berlevag,70.8578,29.0864,45.82,88,60,2.13,NO,2021-09-29 22:09:50
386,Port Arthur,38.8,121.2667,59.22,63,0,4.47,CN,2021-09-29 22:09:50
387,Namibe,-15.1961,12.1522,63.32,87,26,6.35,AO,2021-09-29 22:09:50
388,Quelimane,-17.8786,36.8883,76.95,88,40,12.66,MZ,2021-09-29 22:09:51
389,Dandong,40.1292,124.3947,56.48,93,0,3.91,CN,2021-09-29 22:09:15
390,Carlsbad,33.1581,-117.3506,84.81,64,1,8.01,US,2021-09-29 22:09:51
391,Auki,-8.7676,160.7034,83.35,71,67,4.76,SB,2021-09-29 22:09:51
392,Hobyo,5.3505,48.5268,79.03,80,16,21.52,SO,2021-09-29 22:09:52
393,Lamlash,55.5336,-5.1296,47.28,81,95,10.51,GB,2021-09-29 22:09:52
394,Bargi,22.9833,79.8667,74.64,89,34,1.5,IN,2021-09-29 22:09:52
395,Goiatuba,-18.0125,-49.3547,84.16,31,58,2.35,BR,2021-09-29 22:09:53
396,Makakilo City,21.3469,-158.0858,84.52,59,90,6.91,US,2021-09-29 22:06:49
397,Bitkine,11.9801,18.2138,81.72,59,88,3.38,TD,2021-09-29 22:09:53
398,Sainte-Maxime,43.3,6.6333,73.42,36,1,7.14,FR,2021-09-29 22:09:54
399,Vao,-22.6667,167.4833,69.6,77,80,22.3,NC,2021-09-29 22:09:54
400,Talnakh,69.4865,88.3972,31.98,97,100,13.73,RU,2021-09-29 22:09:55
401,Fairbanks,64.8378,-147.7164,28.74,74,90,0.0,US,2021-09-29 22:09:55
402,Sisimiut,66.9395,-53.6735,33.22,60,100,4.0,GL,2021-09-29 22:09:55
403,Praxedis Guerrero,31.3667,-106.0167,86.81,30,13,10.78,MX,2021-09-29 22:09:55
404,Coihaique,-45.5752,-72.0662,49.95,53,75,4.61,CL,2021-09-29 22:09:56
405,Mayo,38.8876,-76.5119,72.39,59,1,1.01,US,2021-09-29 22:09:56
406,Raudeberg,61.9875,5.1352,56.19,58,100,8.01,NO,2021-09-29 22:09:56
407,Kyaikkami,16.08,97.5675,80.78,83,94,1.19,MM,2021-09-29 22:09:57
408,Mocuba,-16.8392,36.9856,74.16,78,5,3.15,MZ,2021-09-29 22:09:57
409,San Quintin,30.4833,-115.95,70.41,60,3,12.41,MX,2021-09-29 22:05:28
410,San Pedro Del Pinatar,37.8357,-0.791,75.34,77,20,3.0,ES,2021-09-29 22:09:58
411,Cockburn Town,21.4612,-71.1419,83.05,72,13,6.78,TC,2021-09-29 22:09:58
412,Omaruru,-21.4333,15.9333,63.88,27,0,2.19,NA,2021-09-29 22:09:58
413,Grants,35.1473,-107.8514,70.03,26,1,11.5,US,2021-09-29 22:09:59
414,Verkhnetulomskiy,68.6073,31.7962,46.53,85,49,5.28,RU,2021-09-29 22:09:59
415,Hunchun,42.8675,130.3581,57.06,86,35,4.9,CN,2021-09-29 22:09:59
416,Puerto Cabello,10.4731,-68.0125,82.31,77,64,3.15,VE,2021-09-29 22:10:00
417,Daru,-9.0763,143.2092,78.75,88,68,15.86,PG,2021-09-29 22:10:00
418,Tongliao,43.6125,122.2653,49.42,61,49,4.72,CN,2021-09-29 22:10:00
419,Nantucket,41.2835,-70.0995,61.97,78,78,17.31,US,2021-09-29 22:10:01
420,Moissac,44.1024,1.0945,63.55,89,93,7.45,FR,2021-09-29 22:08:15
421,Merauke,-8.4667,140.3333,79.36,84,88,11.95,ID,2021-09-29 22:10:01
422,Kudahuvadhoo,2.6708,72.8944,81.95,73,60,6.82,MV,2021-09-29 22:10:02
423,Labuhan,-6.8844,112.2051,77.04,84,88,7.36,ID,2021-09-29 22:10:02
424,Tainan,22.9908,120.2133,85.14,88,40,2.3,TW,2021-09-29 22:10:03
425,Vitim,59.4511,112.5578,28.85,97,99,1.43,RU,2021-09-29 22:10:04
426,Bongandanga,1.5,21.05,71.22,82,91,1.95,CD,2021-09-29 22:10:04
427,Bilibino,68.0546,166.4372,7.18,95,100,2.57,RU,2021-09-29 22:10:05
428,Aviles,43.5547,-5.9248,64.72,89,40,1.01,ES,2021-09-29 22:10:05
429,Teguise,29.0605,-13.564,70.02,73,75,20.71,ES,2021-09-29 22:10:05
430,Waw,7.7029,27.9953,70.83,83,100,3.04,SS,2021-09-29 22:10:05
431,Qasigiannguit,68.8193,-51.1922,26.85,75,100,5.06,GL,2021-09-29 22:06:14
432,Egvekinot,66.3167,-179.1667,17.15,83,100,17.31,RU,2021-09-29 22:10:06
433,Grenada,37.1882,-3.6067,69.12,52,0,1.01,ES,2021-09-29 22:10:06
434,Qeshm,26.9581,56.2719,84.09,79,11,6.8,IR,2021-09-29 22:10:07
435,Alofi,-19.0595,-169.9187,77.02,82,54,17.47,NU,2021-09-29 22:10:07
436,Aklavik,68.2191,-135.0107,31.96,76,89,4.9,CA,2021-09-29 22:10:07
437,Bluefields,12.0137,-83.7635,82.56,76,100,4.76,NI,2021-09-29 22:10:08
438,Katobu,-4.9408,122.5276,74.55,93,67,2.24,ID,2021-09-29 22:10:08
439,Anjozorobe,-18.4,47.8667,59.32,89,68,3.36,MG,2021-09-29 22:10:09
440,Najran,17.4924,44.1277,73.22,27,43,1.63,SA,2021-09-29 22:10:09
441,Olafsvik,64.8945,-23.7142,41.63,80,100,8.08,IS,2021-09-29 22:10:09
442,Beyneu,45.3167,55.2,46.6,49,18,6.2,KZ,2021-09-29 22:10:10
443,Charters Towers,-20.1,146.2667,70.52,70,52,15.48,AU,2021-09-29 22:10:10
444,Tefe,-3.3542,-64.7114,89.71,74,20,0.74,BR,2021-09-29 22:06:12
445,Salvador,13.8333,-88.9167,77.4,79,52,4.63,SV,2021-09-29 22:10:11
446,Maragogi,-9.0122,-35.2225,74.71,88,88,7.85,BR,2021-09-29 22:10:11
447,Gannan,47.9147,123.5031,40.21,56,67,6.31,CN,2021-09-29 22:10:11
448,Mao,39.8885,4.2658,66.76,82,0,4.61,ES,2021-09-29 22:10:12
449,Rawson,-43.3002,-65.1023,68.7,30,100,14.25,AR,2021-09-29 22:10:12
450,Lavrentiya,65.5833,-171.0,35.06,89,100,13.62,RU,2021-09-29 22:10:12
451,Panevezys,55.7333,24.35,47.32,67,100,11.34,LT,2021-09-29 22:10:13
452,Betong,5.7743,101.0723,71.87,99,100,1.03,TH,2021-09-29 22:10:13
453,Sitka,57.0531,-135.33,49.89,76,90,16.11,US,2021-09-29 22:10:14
454,Kampene,-3.6,26.6667,69.12,99,100,1.43,CD,2021-09-29 22:10:14
455,Barra,-11.0894,-43.1417,85.14,31,91,5.88,BR,2021-09-29 22:10:14
456,Vilhena,-12.7406,-60.1458,77.97,59,73,1.5,BR,2021-09-29 22:06:17
457,Dzaoudzi,-12.7887,45.2699,78.69,73,0,10.36,YT,2021-09-29 22:10:15
458,Urengoy,65.9667,78.3667,33.1,91,88,8.46,RU,2021-09-29 22:10:15
459,Lukulu,-14.3707,23.242,77.36,35,98,8.34,ZM,2021-09-29 22:10:16
460,Walvis Bay,-22.9575,14.5053,55.09,93,0,8.28,NA,2021-09-29 22:10:16
461,Hofn,64.2539,-15.2082,43.79,73,60,6.13,IS,2021-09-29 22:10:16
462,Sovetskiy,61.3614,63.5842,33.82,85,61,2.84,RU,2021-09-29 22:10:17
463,Gubkinskiy,64.434,76.5026,31.96,87,28,6.78,RU,2021-09-29 22:10:17
464,Pesochnoye,58.006,39.1772,41.18,86,98,2.86,RU,2021-09-29 22:10:18
465,Pontianak,-0.0333,109.3333,75.18,100,40,3.44,ID,2021-09-29 22:09:04
466,Namatanai,-3.6667,152.4333,82.74,76,84,9.55,PG,2021-09-29 22:10:18
467,Urumqi,43.801,87.6005,56.35,36,0,2.24,CN,2021-09-29 22:06:09
468,Camabatela,-8.1881,15.375,65.12,82,90,6.31,AO,2021-09-29 22:10:19
469,Chapais,49.7834,-74.8492,44.6,81,100,5.53,CA,2021-09-29 22:10:19
470,Asfi,32.2994,-9.2372,70.52,79,12,17.96,MA,2021-09-29 22:10:20
471,Gornopravdinsk,60.05,69.9,31.39,91,87,4.72,RU,2021-09-29 22:10:20
472,Adrar,20.5022,-10.0711,94.14,11,0,9.55,MR,2021-09-29 22:10:20
473,Abilene,32.4487,-99.7331,95.49,42,40,13.8,US,2021-09-29 22:05:25
474,Luganville,-15.5333,167.1667,79.14,81,81,13.44,VU,2021-09-29 22:10:21
475,Buta,2.7858,24.73,70.21,96,98,0.67,CD,2021-09-29 22:10:21
476,Spring Hill,28.4769,-82.5255,87.62,52,75,5.75,US,2021-09-29 22:10:21
477,Saint-Joseph,-21.3667,55.6167,70.16,77,32,11.14,RE,2021-09-29 22:10:22
478,Kirakira,-10.4544,161.9205,82.17,76,69,8.81,SB,2021-09-29 22:10:22
479,Chateauroux,46.8167,1.7,46.4,87,0,2.3,FR,2021-09-29 22:10:22
480,Ola,59.5833,151.2833,33.85,54,99,13.06,RU,2021-09-29 22:09:00
481,Boyolangu,-8.1181,111.8935,73.71,95,82,4.14,ID,2021-09-29 22:10:23
482,Cabra,37.4725,-4.4421,75.4,48,10,3.24,ES,2021-09-29 22:10:24
483,Biak,-0.9131,122.8766,76.35,84,96,5.06,ID,2021-09-29 22:10:24
484,Guarapari,-20.6667,-40.4975,75.09,83,26,18.32,BR,2021-09-29 22:10:25
485,Kantang,7.4054,99.5156,76.05,93,91,1.59,TH,2021-09-29 22:10:25
486,Madang,-5.2246,145.7966,79.21,88,91,2.86,PG,2021-09-29 22:10:25
487,Lundazi,-12.2929,33.1782,73.65,42,5,10.92,ZM,2021-09-29 22:10:26
488,Oskemen,49.9565,82.6119,44.56,93,90,0.0,KZ,2021-09-29 22:10:26
489,Sagaing,21.8787,95.9797,78.12,83,56,1.86,MM,2021-09-29 22:10:26
490,Biharamulo,-2.6319,31.3089,67.15,59,59,1.32,TZ,2021-09-29 22:10:27
491,Payson,40.0444,-111.7321,64.0,42,75,6.91,US,2021-09-29 22:10:27
492,Soyo,-6.1349,12.3689,76.05,83,65,8.32,AO,2021-09-29 22:10:27
493,Libertador General San Martin,-23.8064,-64.7876,78.98,54,19,6.04,AR,2021-09-29 22:10:27
494,Urusha,54.05,122.9,34.02,80,100,3.85,RU,2021-09-29 22:10:28
495,Vallenar,-28.5708,-70.7581,78.87,19,13,6.87,CL,2021-09-29 22:10:28
496,Wukari,7.85,9.7833,72.64,97,82,2.15,NG,2021-09-29 22:10:28
497,Atherton,53.5237,-2.4935,50.43,87,75,5.17,GB,2021-09-29 22:10:29
498,Krieglach,47.5333,15.55,56.57,93,99,2.04,AT,2021-09-29 22:10:30
499,Goderich,43.7501,-81.7165,65.03,73,0,10.42,CA,2021-09-29 22:10:30
500,Sabang,5.8933,95.3214,80.11,80,97,7.67,ID,2021-09-29 22:08:04
501,Ust-Maya,60.4167,134.5333,38.32,75,100,11.79,RU,2021-09-29 22:10:30
502,Chimbote,-9.0853,-78.5783,65.52,78,91,8.03,PE,2021-09-29 22:10:26
503,Ejea De Los Caballeros,42.1263,-1.1372,63.73,73,98,14.58,ES,2021-09-29 22:10:31
504,Sibolga,1.7427,98.7792,75.07,94,100,2.73,ID,2021-09-29 22:10:31
505,Dharmadam,11.7833,75.4333,75.42,88,34,3.8,IN,2021-09-29 22:10:31
506,Fengrun,39.8333,118.1167,59.74,85,15,5.77,CN,2021-09-29 22:10:32
507,Hami,42.8,93.45,64.11,21,11,5.95,CN,2021-09-29 22:10:32
508,Sumbe,-11.2061,13.8437,71.56,84,36,9.04,AO,2021-09-29 22:10:32
509,Graham,47.0529,-122.2943,58.77,80,90,0.0,US,2021-09-29 22:10:32
510,Sidrolandia,-20.9319,-54.9614,88.59,25,59,4.72,BR,2021-09-29 22:10:33
511,Erzin,36.9559,36.2,73.99,85,72,0.81,TR,2021-09-29 22:06:18
512,Marzuq,14.4,46.4667,76.17,48,45,5.53,YE,2021-09-29 22:10:33
513,Ust-Barguzin,53.45,108.9833,33.21,81,40,1.25,RU,2021-09-29 22:10:34
514,Cheney,47.4874,-117.5758,61.75,46,75,8.05,US,2021-09-29 22:09:59
515,Balkhash,46.844,74.9804,53.22,57,4,5.97,KZ,2021-09-29 22:10:34
516,Grootfontein,-19.5667,18.1167,72.32,19,15,15.17,NA,2021-09-29 22:10:35
517,Butembo,0.15,29.2833,58.69,95,84,2.48,CD,2021-09-29 22:10:35
518,Curup,-3.4667,102.5333,66.76,99,95,1.34,ID,2021-09-29 22:10:35
519,Lompoc,34.6391,-120.4579,84.09,57,1,14.97,US,2021-09-29 22:10:36
520,Villa Bruzual,9.3328,-69.1208,78.71,84,90,4.16,VE,2021-09-29 22:10:36
521,Guilin,25.2819,110.2864,77.11,93,48,3.4,CN,2021-09-29 22:10:37
522,Buraydah,26.326,43.975,80.22,18,7,8.3,SA,2021-09-29 22:10:37
523,Roma,43.2128,-75.4557,62.46,62,90,9.22,US,2021-09-29 22:09:15
524,Savannah Bight,16.45,-85.85,89.65,73,0,16.55,HN,2021-09-29 22:10:37
525,Abnub,27.2696,31.1511,77.45,39,0,10.33,EG,2021-09-29 22:10:38
526,Aljezur,37.3191,-8.8033,65.68,58,2,10.71,PT,2021-09-29 22:10:38
527,Moses Lake,47.1301,-119.2781,64.18,39,1,10.36,US,2021-09-29 22:10:38
528,Santoshpur,22.5253,88.265,80.58,96,100,2.84,IN,2021-09-29 22:10:01
529,Businga,3.3333,20.8833,73.35,84,92,1.48,CD,2021-09-29 22:10:39
530,Sosnovo-Ozerskoye,52.5249,111.5418,24.06,90,54,7.54,RU,2021-09-29 22:10:39
531,Jawhar,2.7809,45.5005,78.17,70,5,12.17,SO,2021-09-29 22:10:15
532,Innisfail,-17.5333,146.0333,75.29,74,72,5.12,AU,2021-09-29 22:10:40
533,Talaya,61.3833,152.75,19.8,61,98,2.46,RU,2021-09-29 22:10:40
534,Harlingen,26.1906,-97.6961,97.34,78,90,16.11,US,2021-09-29 22:07:47
535,Monte Carmelo,-18.7247,-47.4986,77.38,43,48,3.42,BR,2021-09-29 22:10:41
536,San Andres,12.5847,-81.7006,77.02,94,75,5.75,CO,2021-09-29 22:10:41
537,Ancud,-41.8697,-73.8203,49.53,87,93,17.05,CL,2021-09-29 22:10:41
538,West Wendover,40.7391,-114.0733,61.81,20,1,9.22,US,2021-09-29 22:10:42
539,Batagay,67.6333,134.6333,21.06,79,9,3.76,RU,2021-09-29 22:10:43
540,Mabay,6.0577,124.4666,79.38,82,100,4.21,PH,2021-09-29 22:10:43
541,Soeng Sang,14.4264,102.4606,82.0,84,73,3.02,TH,2021-09-29 22:10:43
542,Kalabo,-14.97,22.6814,76.51,27,40,2.15,ZM,2021-09-29 22:10:44
543,Hearst,49.6835,-83.6665,50.65,79,48,5.73,CA,2021-09-29 22:10:44
544,Cookeville,36.1628,-85.5016,82.56,60,1,0.0,US,2021-09-29 22:09:25
545,Gravdal,68.1214,13.5031,51.75,78,75,6.98,NO,2021-09-29 22:10:44
546,Belmonte,-15.8631,-38.8828,75.7,84,0,7.7,BR,2021-09-29 22:10:45
547,Dingle,10.9995,122.6711,76.3,93,31,3.18,PH,2021-09-29 22:10:45
548,Helsingborg,56.0467,12.6944,55.9,95,100,19.51,SE,2021-09-29 22:10:46
549,Stranraer,54.9023,-5.0273,52.21,81,94,11.45,GB,2021-09-29 22:10:46
550,Kholmogory,64.2229,41.656,41.11,93,81,5.44,RU,2021-09-29 22:10:46
551,Beringovskiy,63.05,179.3167,22.93,94,100,39.82,RU,2021-09-29 22:10:47
552,Susner,23.95,76.0833,73.17,92,82,5.17,IN,2021-09-29 22:10:47
553,Anuradhapura,8.3565,80.4173,76.51,89,100,7.4,LK,2021-09-29 22:10:48
554,Mayumba,-3.432,10.6554,75.7,86,99,8.46,GA,2021-09-29 22:10:48
555,Hay River,60.8156,-115.7999,51.22,69,89,2.06,CA,2021-09-29 22:08:17
556,Birin,26.8865,88.0718,60.33,89,100,2.68,NP,2021-09-29 22:10:48
557,Cayenne,4.9333,-52.3333,79.09,84,45,0.0,GF,2021-09-29 22:10:49
558,Beloha,-25.1667,45.05,72.39,76,92,6.55,MG,2021-09-29 22:10:49
559,Lerwick,60.1545,-1.1494,46.4,78,56,7.25,GB,2021-09-29 22:10:50
560,Chara,56.9064,118.2631,29.62,71,99,4.21,RU,2021-09-29 22:10:33
561,Jizan,17.3333,42.6667,89.74,54,98,4.63,SA,2021-09-29 22:10:50
562,Tual,-5.6667,132.75,81.18,81,63,15.59,ID,2021-09-29 22:10:50
563,Dali,25.7,100.1833,58.33,91,45,1.16,CN,2021-09-29 22:10:51
564,Guanica,17.9716,-66.908,85.21,79,49,3.96,PR,2021-09-29 22:10:51
